tail_index,monopoly_price,quantity,provider_profit,customer_surplus,platform_total_surplus,integrated_operating_surplus,provider_capture_share,pricing_deadweight_loss
1.05000000,21.00000000,0.04089496,0.81789911,17.17588133,17.99378044,20.00000000,0.04545455,2.00621956
1.07500000,14.33333333,0.05713823,0.76184302,10.91975002,11.68159305,13.33333333,0.06521739,1.65174029
1.10000000,11.00000000,0.07152668,0.71526677,7.86793442,8.58320119,10.00000000,0.08333333,1.41679881
1.12500000,9.00000000,0.08442619,0.67540950,6.07868549,6.75409498,8.00000000,0.10000000,1.24590502
1.15000000,7.66666667,0.09609536,0.64063575,4.91154077,5.55217653,6.66666667,0.11538462,1.11449014
1.17500000,6.71428571,0.10672722,0.60986985,4.09484044,4.70471029,5.71428571,0.12962963,1.00957543
1.20000000,6.00000000,0.11647119,0.58235593,3.49413559,4.07649153,5.00000000,0.14285714,0.92350847
1.22500000,5.44444444,0.12544602,0.55753785,3.03548386,3.59302172,4.44444444,0.15517241,0.85142273
1.25000000,5.00000000,0.13374806,0.53499224,2.67496122,3.20995346,4.00000000,0.16666667,0.79004654
1.27500000,4.63636364,0.14145676,0.51438821,2.38489079,2.89927900,3.63636364,0.17741935,0.73708464
1.30000000,4.33333333,0.14863849,0.49546162,2.14700035,2.64246197,3.33333333,0.18750000,0.69087136
1.32500000,4.07692308,0.15534934,0.47799797,1.94876096,2.42675893,3.07692308,0.19696970,0.65016414
1.35000000,3.85714286,0.16163718,0.46182052,1.78130773,2.24312825,2.85714286,0.20588235,0.61401461
1.37500000,3.66666667,0.16754319,0.44678184,1.63820009,2.08498193,2.66666667,0.21428571,0.58168473
1.40000000,3.50000000,0.17310306,0.43275764,1.51465175,1.94740939,2.50000000,0.22222222,0.55259061
1.42500000,3.35294118,0.17834792,0.41964216,1.40703548,1.82667764,2.35294118,0.22972973,0.52626354
1.45000000,3.22222222,0.18330510,0.40734466,1.31255502,1.71989968,2.22222222,0.23684211,0.50232254
1.47500000,3.10526316,0.18799870,0.39578674,1.22902197,1.62480870,2.10526316,0.24358974,0.48045446
1.50000000,3.00000000,0.19245009,0.38490018,1.15470054,1.53960072,2.00000000,0.25000000,0.46039928
1.52500000,2.90476190,0.19667829,0.37462532,1.08819735,1.46282266,1.90476190,0.25609756,0.44193924
1.55000000,2.81818182,0.20070031,0.36490965,1.02838174,1.39329139,1.81818182,0.26190476,0.42489043
1.57500000,2.73913043,0.20453139,0.35570677,0.97432724,1.33003401,1.73913043,0.26744186,0.40909642
1.60000000,2.66666667,0.20818528,0.34697547,0.92526793,1.27224341,1.66666667,0.27272727,0.39442326
1.62500000,2.60000000,0.21167439,0.33867902,0.88056545,1.21924447,1.60000000,0.27777778,0.38075553
1.65000000,2.53846154,0.21500994,0.33078452,0.83968377,1.17046829,1.53846154,0.28260870,0.36799325
1.67500000,2.48148148,0.21820214,0.32326243,0.80216974,1.12543218,1.48148148,0.28723404,0.35604931
1.70000000,2.42857143,0.22126030,0.31608615,0.76763778,1.08372393,1.42857143,0.29166667,0.34484750
1.72500000,2.37931034,0.22419291,0.30923159,0.73575793,1.04498952,1.37931034,0.29591837,0.33432082
1.75000000,2.33333333,0.22700772,0.30267696,0.70624624,1.00892320,1.33333333,0.30000000,0.32441014
1.77500000,2.29032258,0.22971187,0.29640241,0.67885714,0.97525955,1.29032258,0.30392157,0.31506303
1.80000000,2.25000000,0.23231191,0.29038988,0.65337723,0.94376712,1.25000000,0.30769231,0.30623288
1.82500000,2.21212121,0.23481386,0.28462286,0.62962026,0.91424311,1.21212121,0.31132075,0.29787810
1.85000000,2.17647059,0.23722328,0.27908622,0.60742294,0.88650916,1.17647059,0.31481481,0.28996143
1.87500000,2.14285714,0.23954533,0.27376610,0.58664163,0.86040773,1.14285714,0.31818182,0.28244942
1.90000000,2.11111111,0.24178476,0.26864974,0.56714944,0.83579918,1.11111111,0.32142857,0.27531194
1.92500000,2.08108108,0.24394598,0.26372539,0.54883392,0.81255930,1.08108108,0.32456140,0.26852178
1.95000000,2.05263158,0.24603310,0.25898221,0.53159506,0.79057727,1.05263158,0.32758621,0.26205431
1.97500000,2.02564103,0.24804992,0.25441018,0.51534369,0.76975386,1.02564103,0.33050847,0.25588716
2.00000000,2.00000000,0.25000000,0.25000000,0.50000000,0.75000000,1.00000000,0.33333333,0.25000000
2.10000000,1.90909091,0.25719595,0.23381450,0.44637313,0.68018763,0.90909091,0.34375000,0.22890328
2.20000000,1.83333333,0.26355353,0.21962794,0.40265123,0.62227918,0.83333333,0.35294118,0.21105416
2.30000000,1.76923077,0.26921279,0.20708676,0.36638427,0.57347103,0.76923077,0.36111111,0.19575974
2.40000000,1.71428571,0.27428389,0.19591707,0.33585783,0.53177490,0.71428571,0.36842105,0.18251082
2.50000000,1.66666667,0.27885480,0.18590320,0.30983867,0.49574187,0.66666667,0.37500000,0.17092480
2.60000000,1.62500000,0.28299662,0.17687289,0.28741844,0.46429133,0.62500000,0.38095238,0.16070867
2.70000000,1.58823529,0.28676750,0.16868676,0.26791427,0.43660103,0.58823529,0.38636364,0.15163426
2.80000000,1.55555556,0.29021545,0.16123080,0.25080347,0.41203428,0.55555556,0.39130435,0.14352128
2.90000000,1.52631579,0.29338050,0.15441079,0.23567963,0.39009042,0.52631579,0.39583333,0.13622537
3.00000000,1.50000000,0.29629630,0.14814815,0.22222222,0.37037037,0.50000000,0.40000000,0.12962963
3.10000000,1.47619048,0.29899131,0.14237681,0.21017530,0.35255211,0.47619048,0.40384615,0.12363837
3.20000000,1.45454545,0.30148982,0.13704083,0.19933211,0.33637294,0.45454545,0.40740741,0.11817252
3.30000000,1.43478261,0.30381265,0.13209246,0.18952396,0.32161642,0.43478261,0.41071429,0.11316619
3.40000000,1.41666667,0.30597779,0.12749075,0.18061189,0.30810264,0.41666667,0.41379310,0.10856403
3.50000000,1.40000000,0.30800082,0.12320033,0.17248046,0.29568079,0.40000000,0.41666667,0.10431921
3.60000000,1.38461538,0.30989534,0.11919052,0.16503302,0.28422354,0.38461538,0.41935484,0.10039185
3.70000000,1.37037037,0.31167326,0.11543454,0.15818808,0.27362262,0.37037037,0.42187500,0.09674775
3.80000000,1.35714286,0.31334506,0.11190895,0.15187643,0.26378538,0.35714286,0.42424242,0.09335748
3.90000000,1.34482759,0.31491999,0.10859310,0.14603900,0.25463209,0.34482759,0.42647059,0.09019549
4.00000000,1.33333333,0.31640625,0.10546875,0.14062500,0.24609375,0.33333333,0.42857143,0.08723958
4.10000000,1.32258065,0.31781115,0.10251973,0.13559061,0.23811033,0.32258065,0.43055556,0.08447031
4.20000000,1.31250000,0.31914121,0.09973163,0.13089776,0.23062939,0.31250000,0.43243243,0.08187061
4.30000000,1.30303030,0.32040227,0.09709160,0.12651329,0.22360489,0.30303030,0.43421053,0.07942541
4.40000000,1.29411765,0.32159957,0.09458811,0.12240814,0.21699625,0.29411765,0.43589744,0.07712140
4.50000000,1.28571429,0.32273784,0.09221081,0.11855676,0.21076757,0.28571429,0.43750000,0.07494672
4.60000000,1.27777778,0.32382135,0.08995037,0.11493659,0.20488696,0.27777778,0.43902439,0.07289081
4.70000000,1.27027027,0.32485396,0.08779837,0.11152766,0.19932603,0.27027027,0.44047619,0.07094424
4.80000000,1.26315789,0.32583920,0.08574716,0.10831220,0.19405935,0.26315789,0.44186047,0.06909854
4.90000000,1.25641026,0.32678024,0.08378980,0.10527437,0.18906417,0.25641026,0.44318182,0.06734608
5.00000000,1.25000000,0.32768000,0.08192000,0.10240000,0.18432000,0.25000000,0.44444444,0.06568000
5.10000000,1.24390244,0.32854115,0.08013199,0.09967637,0.17980836,0.24390244,0.44565217,0.06409408
5.20000000,1.23809524,0.32936612,0.07842050,0.09709205,0.17551256,0.23809524,0.44680851,0.06258268
5.30000000,1.23255814,0.33015715,0.07678073,0.09463672,0.17141745,0.23255814,0.44791667,0.06114069
5.40000000,1.22727273,0.33091629,0.07520825,0.09230103,0.16750928,0.22727273,0.44897959,0.05976345
5.50000000,1.22222222,0.33164544,0.07369899,0.09007654,0.16377553,0.22222222,0.45000000,0.05844670
5.60000000,1.21739130,0.33234634,0.07224921,0.08795555,0.16020476,0.21739130,0.45098039,0.05718654
5.70000000,1.21276596,0.33302061,0.07085545,0.08593108,0.15678653,0.21276596,0.45192308,0.05597943
5.80000000,1.20833333,0.33366973,0.06951453,0.08399672,0.15351125,0.20833333,0.45283019,0.05482208
5.90000000,1.20408163,0.33429509,0.06822349,0.08214665,0.15037014,0.20408163,0.45370370,0.05371149
6.00000000,1.20000000,0.33489798,0.06697960,0.08037551,0.14735511,0.20000000,0.45454545,0.05264489
6.10000000,1.19607843,0.33547957,0.06578031,0.07867841,0.14445872,0.19607843,0.45535714,0.05161972
6.20000000,1.19230769,0.33604099,0.06462327,0.07705082,0.14167409,0.19230769,0.45614035,0.05063361
6.30000000,1.18867925,0.33658326,0.06350628,0.07548859,0.13899487,0.18867925,0.45689655,0.04968438
6.40000000,1.18518519,0.33710736,0.06242729,0.07398790,0.13641519,0.18518519,0.45762712,0.04877000
6.50000000,1.18181818,0.33761417,0.06138439,0.07254519,0.13392959,0.18181818,0.45833333,0.04788859
6.60000000,1.17857143,0.33810454,0.06037581,0.07115721,0.13153302,0.17857143,0.45901639,0.04703841
6.70000000,1.17543860,0.33857926,0.05939987,0.06982090,0.12922077,0.17543860,0.45967742,0.04621783
6.80000000,1.17241379,0.33903907,0.05845501,0.06853346,0.12698848,0.17241379,0.46031746,0.04542532
6.90000000,1.16949153,0.33948466,0.05753977,0.06729228,0.12483205,0.16949153,0.46093750,0.04465948
7.00000000,1.16666667,0.33991668,0.05665278,0.06609491,0.12274769,0.16666667,0.46153846,0.04391898
7.10000000,1.16393443,0.34033574,0.05579274,0.06493909,0.12073184,0.16393443,0.46212121,0.04320259
7.20000000,1.16129032,0.34074241,0.05495845,0.06382272,0.11878117,0.16129032,0.46268657,0.04250915
7.30000000,1.15873016,0.34113724,0.05414877,0.06274381,0.11689258,0.15873016,0.46323529,0.04183758
7.40000000,1.15625000,0.34152074,0.05336262,0.06170052,0.11506314,0.15625000,0.46376812,0.04118686
7.50000000,1.15384615,0.34189339,0.05259898,0.06069113,0.11329012,0.15384615,0.46428571,0.04055604
7.60000000,1.15151515,0.34225564,0.05185691,0.05971402,0.11157094,0.15151515,0.46478873,0.03994421
7.70000000,1.14925373,0.34260792,0.05113551,0.05876768,0.10990319,0.14925373,0.46527778,0.03935055
7.80000000,1.14705882,0.34295064,0.05043392,0.05785067,0.10828459,0.14705882,0.46575342,0.03877424
7.90000000,1.14492754,0.34328418,0.04975133,0.05696167,0.10671300,0.14492754,0.46621622,0.03821454
8.00000000,1.14285714,0.34360892,0.04908699,0.05609941,0.10518640,0.14285714,0.46666667,0.03767074
8.10000000,1.14084507,0.34392518,0.04844017,0.05526272,0.10370289,0.14084507,0.46710526,0.03714218
8.20000000,1.13888889,0.34423330,0.04781018,0.05445048,0.10226066,0.13888889,0.46753247,0.03662822
8.30000000,1.13698630,0.34453359,0.04719638,0.05366164,0.10085802,0.13698630,0.46794872,0.03612828
8.40000000,1.13513514,0.34482635,0.04659816,0.05289520,0.09949336,0.13513514,0.46835443,0.03564178
8.50000000,1.13333333,0.34511185,0.04601491,0.05215023,0.09816515,0.13333333,0.46875000,0.03516819
8.60000000,1.13157895,0.34539036,0.04544610,0.05142585,0.09687195,0.13157895,0.46913580,0.03470700
8.70000000,1.12987013,0.34566214,0.04489119,0.05072121,0.09561240,0.12987013,0.46951220,0.03425773
8.80000000,1.12820513,0.34592742,0.04434967,0.05003552,0.09438519,0.12820513,0.46987952,0.03381993
8.90000000,1.12658228,0.34618644,0.04382107,0.04936804,0.09318911,0.12658228,0.47023810,0.03339317
9.00000000,1.12500000,0.34643942,0.04330493,0.04871804,0.09202297,0.12500000,0.47058824,0.03297703
9.10000000,1.12345679,0.34668656,0.04280081,0.04808486,0.09088567,0.12345679,0.47093023,0.03257112
9.20000000,1.12195122,0.34692806,0.04230830,0.04746785,0.08977615,0.12195122,0.47126437,0.03217507
9.30000000,1.12048193,0.34716412,0.04182700,0.04686640,0.08869340,0.12048193,0.47159091,0.03178852
9.40000000,1.11904762,0.34739492,0.04135654,0.04627994,0.08763647,0.11904762,0.47191011,0.03141115
9.50000000,1.11764706,0.34762063,0.04089654,0.04570790,0.08660445,0.11764706,0.47222222,0.03104261
9.60000000,1.11627907,0.34784142,0.04044668,0.04514978,0.08559646,0.11627907,0.47252747,0.03068261
9.70000000,1.11494253,0.34805745,0.04000660,0.04460506,0.08461167,0.11494253,0.47282609,0.03033086
9.80000000,1.11363636,0.34826886,0.03957601,0.04407328,0.08364929,0.11363636,0.47311828,0.02998708
9.90000000,1.11235955,0.34847581,0.03915459,0.04355398,0.08270856,0.11235955,0.47340426,0.02965099
10.00000000,1.11111111,0.34867844,0.03874205,0.04304672,0.08178877,0.11111111,0.47368421,0.02932234
